{"cameraMode":{"drawMode":0,"name":"Shaded","section":"Shading Mode"},"sceneLighting":false,"audioPlay":false,"sceneViewState":{"m_AlwaysRefresh":false,"showFog":true,"showSkybox":false,"showFlares":true,"showImageEffects":true,"showParticleSystems":true,"showVisualEffectGraphs":true,"m_FxEnabled":true},"in2DMode":false,"pivot":{"x":-354.4134826660156,"y":27.079673767089845,"z":35.491127014160159},"rotation":{"x":-0.04874259606003761,"y":-0.028239157050848008,"z":-0.0029653350356966259,"w":-0.9994873404502869},"size":8.83419418334961,"orthographic":false}