{"cameraMode":{"drawMode":0,"name":"Shaded","section":"Shading Mode"},"sceneLighting":false,"audioPlay":false,"sceneViewState":{"m_AlwaysRefresh":false,"showFog":true,"showSkybox":false,"showFlares":true,"showImageEffects":true,"showParticleSystems":true,"showVisualEffectGraphs":true,"m_FxEnabled":true},"in2DMode":false,"pivot":{"x":-26.83009910583496,"y":0.1574310064315796,"z":-1.6925668716430665},"rotation":{"x":-0.08537309616804123,"y":0.44159945845603945,"z":-0.04227222129702568,"w":-0.8922322988510132},"size":3.7738535404205324,"orthographic":false}