{"cameraMode":{"drawMode":0,"name":"Shaded","section":"Shading Mode"},"sceneLighting":false,"audioPlay":false,"sceneViewState":{"m_AlwaysRefresh":false,"showFog":true,"showSkybox":false,"showFlares":true,"showImageEffects":true,"showParticleSystems":true,"showVisualEffectGraphs":true,"m_FxEnabled":true},"in2DMode":false,"pivot":{"x":11.210562705993653,"y":-1.6815952062606812,"z":13.340176582336426},"rotation":{"x":0.06898456066846848,"y":0.39668795466423037,"z":-0.023306960240006448,"w":0.915444552898407},"size":12.780583381652832,"orthographic":false}