{"cameraMode":{"drawMode":0,"name":"Shaded","section":"Shading Mode"},"sceneLighting":false,"audioPlay":false,"sceneViewState":{"m_AlwaysRefresh":false,"showFog":true,"showSkybox":false,"showFlares":true,"showImageEffects":true,"showParticleSystems":true,"showVisualEffectGraphs":true,"m_FxEnabled":true},"in2DMode":false,"pivot":{"x":-0.4003780782222748,"y":3.3375065326690676,"z":-0.2883840799331665},"rotation":{"x":0.029248367995023729,"y":-0.03512148931622505,"z":-0.005378322675824165,"w":-1.0000196695327759},"size":9.159111022949219,"orthographic":false}