{"cameraMode":{"drawMode":0,"name":"Shaded","section":"Shading Mode"},"sceneLighting":false,"audioPlay":false,"sceneViewState":{"m_AlwaysRefresh":false,"showFog":true,"showSkybox":false,"showFlares":true,"showImageEffects":true,"showParticleSystems":true,"showVisualEffectGraphs":true,"m_FxEnabled":true},"in2DMode":false,"pivot":{"x":33.244163513183597,"y":71.1819839477539,"z":3.1498446464538576},"rotation":{"x":-0.040002502501010898,"y":-0.012467785738408566,"z":0.00827771332114935,"w":0.999862790107727},"size":8.178213119506836,"orthographic":false}