{"cameraMode":{"drawMode":0,"name":"Shaded","section":"Shading Mode"},"sceneLighting":false,"audioPlay":false,"sceneViewState":{"m_AlwaysRefresh":false,"showFog":true,"showSkybox":false,"showFlares":true,"showImageEffects":true,"showParticleSystems":true,"showVisualEffectGraphs":true,"m_FxEnabled":true},"in2DMode":false,"pivot":{"x":29.825700759887697,"y":40.4541015625,"z":17.12957000732422},"rotation":{"x":-0.38645249605178835,"y":0.0001079151188605465,"z":0.0002641315804794431,"w":-0.9227721095085144},"size":19.485816955566408,"orthographic":false}