{"cameraMode":{"drawMode":0,"name":"Shaded","section":"Shading Mode"},"sceneLighting":false,"audioPlay":false,"sceneViewState":{"m_AlwaysRefresh":false,"showFog":true,"showSkybox":false,"showFlares":true,"showImageEffects":true,"showParticleSystems":true,"showVisualEffectGraphs":true,"m_FxEnabled":true},"in2DMode":false,"pivot":{"x":24.330856323242189,"y":-2.9264767169952394,"z":-0.5510615706443787},"rotation":{"x":0.061040498316287997,"y":0.7111703157424927,"z":-0.05349911376833916,"w":0.6988227367401123},"size":12.780580520629883,"orthographic":false}