{"cameraMode":{"drawMode":0,"name":"Shaded","section":"Shading Mode"},"sceneLighting":false,"audioPlay":false,"sceneViewState":{"m_AlwaysRefresh":false,"showFog":true,"showSkybox":false,"showFlares":true,"showImageEffects":true,"showParticleSystems":true,"showVisualEffectGraphs":true,"m_FxEnabled":true},"in2DMode":false,"pivot":{"x":-105.81727600097656,"y":15.601714134216309,"z":33.14809036254883},"rotation":{"x":-0.11507981270551682,"y":-0.08174590766429901,"z":0.00040184109820984304,"w":-0.9905992150306702},"size":29.500234603881837,"orthographic":false}