{"cameraMode":{"drawMode":0,"name":"Shaded","section":"Shading Mode"},"sceneLighting":false,"audioPlay":false,"sceneViewState":{"m_AlwaysRefresh":false,"showFog":false,"showSkybox":false,"showFlares":false,"showImageEffects":false,"showParticleSystems":false,"showVisualEffectGraphs":true,"m_FxEnabled":true},"in2DMode":false,"pivot":{"x":-0.005874991416931152,"y":0.8657137751579285,"z":0.014233291149139405},"rotation":{"x":0.10219036787748337,"y":-0.05411023274064064,"z":0.012708575464785099,"w":0.9932621121406555},"size":1.371565580368042,"orthographic":false}