{"cameraMode":{"drawMode":0,"name":"Shaded","section":"Shading Mode"},"sceneLighting":false,"audioPlay":false,"sceneViewState":{"m_AlwaysRefresh":false,"showFog":true,"showSkybox":false,"showFlares":true,"showImageEffects":true,"showParticleSystems":true,"showVisualEffectGraphs":true,"m_FxEnabled":true},"in2DMode":false,"pivot":{"x":126.04266357421875,"y":3.438044548034668,"z":-0.7036935091018677},"rotation":{"x":-0.17379145324230195,"y":0.0012347596930339933,"z":0.00012294569751247764,"w":-0.9852140545845032},"size":7.2102437019348148,"orthographic":false}