{"cameraMode":{"drawMode":0,"name":"Shaded","section":"Shading Mode"},"sceneLighting":false,"audioPlay":false,"sceneViewState":{"m_AlwaysRefresh":false,"showFog":true,"showSkybox":false,"showFlares":true,"showImageEffects":true,"showParticleSystems":true,"showVisualEffectGraphs":true,"m_FxEnabled":true},"in2DMode":false,"pivot":{"x":16.39698600769043,"y":-0.24087278544902802,"z":16.94976234436035},"rotation":{"x":0.05829707160592079,"y":0.4328749477863312,"z":-0.021340783685445787,"w":0.8997038006782532},"size":12.780583381652832,"orthographic":false}