{"cameraMode":{"drawMode":0,"name":"Shaded","section":"Shading Mode"},"sceneLighting":true,"audioPlay":false,"sceneViewState":{"m_AlwaysRefresh":false,"showFog":true,"showSkybox":true,"showFlares":true,"showImageEffects":true,"showParticleSystems":true,"showVisualEffectGraphs":true,"m_FxEnabled":true},"in2DMode":false,"pivot":{"x":447.5113220214844,"y":150.64967346191407,"z":9.1732177734375},"rotation":{"x":0.13030576705932618,"y":0.07205407321453095,"z":-0.0026381651405245067,"w":0.9888537526130676},"size":295.5458679199219,"orthographic":false}