{"cameraMode":{"drawMode":0,"name":"Shaded","section":"Shading Mode"},"sceneLighting":true,"audioPlay":false,"sceneViewState":{"m_AlwaysRefresh":false,"showFog":true,"showSkybox":true,"showFlares":true,"showImageEffects":true,"showParticleSystems":true,"showVisualEffectGraphs":true,"m_FxEnabled":true},"in2DMode":false,"pivot":{"x":37.312042236328128,"y":128.9647979736328,"z":12.671686172485352},"rotation":{"x":-0.08588101714849472,"y":0.011334819719195366,"z":0.005941766779869795,"w":-0.9975237846374512},"size":24.635013580322267,"orthographic":false}