{"cameraMode":{"drawMode":0,"name":"Shaded","section":"Shading Mode"},"sceneLighting":true,"audioPlay":false,"sceneViewState":{"m_AlwaysRefresh":false,"showFog":true,"showSkybox":true,"showFlares":true,"showImageEffects":true,"showParticleSystems":true,"showVisualEffectGraphs":true,"m_FxEnabled":true},"in2DMode":false,"pivot":{"x":867.3976440429688,"y":70.4772720336914,"z":10.92581844329834},"rotation":{"x":-0.012349778786301613,"y":-0.007621463853865862,"z":0.008434462361037732,"w":1.0004888772964478},"size":18.378616333007814,"orthographic":false}