{"cameraMode":{"drawMode":0,"name":"Shaded","section":"Shading Mode"},"sceneLighting":true,"audioPlay":false,"sceneViewState":{"m_AlwaysRefresh":false,"showFog":true,"showSkybox":true,"showFlares":true,"showImageEffects":true,"showParticleSystems":true,"showVisualEffectGraphs":true,"m_FxEnabled":true},"in2DMode":false,"pivot":{"x":-28.318729400634767,"y":5.65372371673584,"z":2.2669973373413088},"rotation":{"x":0.019799038767814637,"y":-0.016796762123703958,"z":0.0003312234184704721,"w":0.9997134208679199},"size":12.064095497131348,"orthographic":false}