{"cameraMode":{"drawMode":0,"name":"Shaded","section":"Shading Mode"},"sceneLighting":true,"audioPlay":false,"sceneViewState":{"m_AlwaysRefresh":false,"showFog":true,"showSkybox":true,"showFlares":true,"showImageEffects":true,"showParticleSystems":true,"showVisualEffectGraphs":true,"m_FxEnabled":true},"in2DMode":false,"pivot":{"x":198.85198974609376,"y":105.17749786376953,"z":4.569744110107422},"rotation":{"x":0.17610666155815125,"y":0.3090565800666809,"z":-0.048417724668979648,"w":0.9341044425964356},"size":11.035045623779297,"orthographic":false}