{"cameraMode":{"drawMode":0,"name":"Shaded","section":"Shading Mode"},"sceneLighting":true,"audioPlay":false,"sceneViewState":{"m_AlwaysRefresh":false,"showFog":true,"showSkybox":true,"showFlares":true,"showImageEffects":true,"showParticleSystems":true,"showVisualEffectGraphs":true,"m_FxEnabled":true},"in2DMode":false,"pivot":{"x":0.9523671865463257,"y":56.784095764160159,"z":0.28373658657073977},"rotation":{"x":0.005408423952758312,"y":-0.02759588696062565,"z":0.000013074558410153259,"w":1.0002588033676148},"size":46.17507553100586,"orthographic":false}