{"cameraMode":{"drawMode":0,"name":"Shaded","section":"Shading Mode"},"sceneLighting":true,"audioPlay":false,"sceneViewState":{"m_AlwaysRefresh":false,"showFog":true,"showSkybox":true,"showFlares":true,"showImageEffects":true,"showParticleSystems":true,"showVisualEffectGraphs":true,"m_FxEnabled":true},"in2DMode":false,"pivot":{"x":456.65496826171877,"y":42.08335494995117,"z":14.007987976074219},"rotation":{"x":-0.12626014649868012,"y":-0.016965949907898904,"z":0.002167230937629938,"w":-0.9919106364250183},"size":30.774824142456056,"orthographic":false}