{"cameraMode":{"drawMode":0,"name":"Shaded","section":"Shading Mode"},"sceneLighting":true,"audioPlay":false,"sceneViewState":{"m_AlwaysRefresh":false,"showFog":true,"showSkybox":true,"showFlares":true,"showImageEffects":true,"showParticleSystems":true,"showVisualEffectGraphs":true,"m_FxEnabled":true},"in2DMode":false,"pivot":{"x":539.5564575195313,"y":85.77910614013672,"z":-0.07887424528598786},"rotation":{"x":-0.0008758920594118536,"y":0.08513221889734268,"z":0.007197946775704622,"w":0.9963919520378113},"size":1.578507900238037,"orthographic":false}