{"cameraMode":{"drawMode":0,"name":"Shaded","section":"Shading Mode"},"sceneLighting":true,"audioPlay":false,"sceneViewState":{"m_AlwaysRefresh":false,"showFog":true,"showSkybox":true,"showFlares":true,"showImageEffects":true,"showParticleSystems":true,"showVisualEffectGraphs":true,"m_FxEnabled":true},"in2DMode":false,"pivot":{"x":421.2073059082031,"y":186.53506469726563,"z":-174.95831298828126},"rotation":{"x":-0.26063990592956545,"y":-0.08072048425674439,"z":0.012764593586325646,"w":-0.9625747203826904},"size":12.465617179870606,"orthographic":false}