{"cameraMode":{"drawMode":0,"name":"Shaded","section":"Shading Mode"},"sceneLighting":true,"audioPlay":false,"sceneViewState":{"m_AlwaysRefresh":false,"showFog":true,"showSkybox":true,"showFlares":true,"showImageEffects":true,"showParticleSystems":true,"showVisualEffectGraphs":true,"m_FxEnabled":true},"in2DMode":false,"pivot":{"x":-6.838454246520996,"y":6.144099235534668,"z":2.974342107772827},"rotation":{"x":0.01020207442343235,"y":-0.007199909538030624,"z":0.00007481931243091822,"w":0.9999690055847168},"size":5.708444595336914,"orthographic":false}