{"cameraMode":{"drawMode":0,"name":"Shaded","section":"Shading Mode"},"sceneLighting":true,"audioPlay":false,"sceneViewState":{"m_AlwaysRefresh":false,"showFog":true,"showSkybox":true,"showFlares":true,"showImageEffects":true,"showParticleSystems":true,"showVisualEffectGraphs":true,"m_FxEnabled":true},"in2DMode":false,"pivot":{"x":823.0908203125,"y":135.33755493164063,"z":-132.80545043945313},"rotation":{"x":0.024846654385328294,"y":0.4194982945919037,"z":-0.014283589087426663,"w":0.9086776375770569},"size":0.8660253882408142,"orthographic":false}