{"cameraMode":{"drawMode":0,"name":"Shaded","section":"Shading Mode"},"sceneLighting":true,"audioPlay":false,"sceneViewState":{"m_AlwaysRefresh":false,"showFog":true,"showSkybox":true,"showFlares":true,"showImageEffects":true,"showParticleSystems":true,"showVisualEffectGraphs":true,"m_FxEnabled":true},"in2DMode":false,"pivot":{"x":-102.37806701660156,"y":44.309410095214847,"z":208.60177612304688},"rotation":{"x":0.10484716296195984,"y":-0.0262681245803833,"z":0.0025754463858902456,"w":0.9947927594184876},"size":108.06890869140625,"orthographic":false}