{"cameraMode":{"drawMode":0,"name":"Shaded","section":"Shading Mode"},"sceneLighting":true,"audioPlay":false,"sceneViewState":{"m_AlwaysRefresh":false,"showFog":true,"showSkybox":true,"showFlares":true,"showImageEffects":true,"showParticleSystems":true,"showVisualEffectGraphs":true,"m_FxEnabled":true},"in2DMode":false,"pivot":{"x":7.3865838050842289,"y":54.403968811035159,"z":1.5169092416763306},"rotation":{"x":-0.03181064873933792,"y":-0.008382204920053482,"z":-0.0003368559409864247,"w":1.0001156330108643},"size":69.94662475585938,"orthographic":false}