{"cameraMode":{"drawMode":0,"name":"Shaded","section":"Shading Mode"},"sceneLighting":false,"audioPlay":false,"sceneViewState":{"m_AlwaysRefresh":false,"showFog":true,"showSkybox":false,"showFlares":true,"showImageEffects":true,"showParticleSystems":true,"showVisualEffectGraphs":true,"m_FxEnabled":true},"in2DMode":false,"pivot":{"x":-0.4300990104675293,"y":14.324378967285157,"z":0.48412132263183596},"rotation":{"x":0.018815431743860246,"y":0.13875319063663484,"z":0.0065143052488565449,"w":0.9908294677734375},"size":17.263782501220704,"orthographic":false}