{"cameraMode":{"drawMode":0,"name":"Shaded","section":"Shading Mode"},"sceneLighting":false,"audioPlay":false,"sceneViewState":{"m_AlwaysRefresh":false,"showFog":true,"showSkybox":false,"showFlares":true,"showImageEffects":true,"showParticleSystems":true,"showVisualEffectGraphs":true,"m_FxEnabled":true},"in2DMode":false,"pivot":{"x":-0.19283302128314973,"y":1.0046809911727906,"z":0.053087249398231509},"rotation":{"x":-0.0008758920594118536,"y":0.08513221889734268,"z":0.007197946775704622,"w":0.9963919520378113},"size":1.5022053718566895,"orthographic":false}