{"cameraMode":{"drawMode":0,"name":"Shaded","section":"Shading Mode"},"sceneLighting":false,"audioPlay":false,"sceneViewState":{"m_AlwaysRefresh":false,"showFog":true,"showSkybox":false,"showFlares":true,"showImageEffects":true,"showParticleSystems":true,"showVisualEffectGraphs":true,"m_FxEnabled":true},"in2DMode":false,"pivot":{"x":-0.000003844499588012695,"y":-0.000001430511474609375,"z":0.000014990568161010742},"rotation":{"x":0.00922792311757803,"y":-0.010949019342660904,"z":0.009147988632321358,"w":1.0006039142608643},"size":1.0114517211914063,"orthographic":false}